threshold,coverage,precision,n
0.5,1.0,0.7323135755258127,1046
0.55,0.875717017208413,0.7620087336244541,916
0.6,0.7839388145315488,0.7829268292682927,820
0.65,0.6711281070745698,0.7977207977207977,702
0.7,0.5707456978967496,0.8274706867671692,597
0.75,0.45506692160611856,0.8634453781512605,476
0.8,0.3546845124282983,0.8867924528301887,371
0.85,0.2638623326959847,0.9166666666666666,276
0.8999999999999999,0.17973231357552583,0.9414893617021277,188
0.95,0.08795411089866156,0.9565217391304348,92
