threshold,coverage,precision,n
0.5,1.0,0.7112534539060538,7962
0.55,0.8132378799296659,0.7527413127413127,6475
0.6,0.6539814117056016,0.7777991165738429,5207
0.65,0.5234865611655363,0.8015834932821497,4168
0.7,0.4022858578246672,0.8276615672806744,3203
0.75,0.29954785229841746,0.8524109014675052,2385
0.8,0.21916603868374782,0.8727793696275071,1745
0.85,0.15096709369505149,0.8993344425956739,1202
0.8999999999999999,0.09269027882441598,0.9254742547425474,738
0.95,0.0452147701582517,0.95,360
